﻿{"cameraMode":{"drawMode":0,"name":"Shaded","section":"Shading Mode"},"sceneLighting":true,"audioPlay":false,"sceneViewState":{"showFog":false,"showMaterialUpdate":false,"showSkybox":false,"showFlares":false,"showImageEffects":false,"showParticleSystems":false,"showVisualEffectGraphs":true,"m_FxEnabled":true},"in2DMode":false,"pivot":{"x":3.154359817504883,"y":7.542642593383789,"z":-1.0976238250732422},"rotation":{"x":0.19554542005062104,"y":0.3936941623687744,"z":-0.08610642701387406,"w":0.894067108631134},"size":13.27564525604248,"orthographic":false}